arxiv_id,title,authors,published_date,pillar_tags,citation_count,abstract,arxiv_url,relevance_score,source_note
2411.05815,Graph Neural Networks for Financial Fraud Detection: A Review,Dawei Cheng; Yao Zou; Sheng Xiang; Changjun Jiang,2024-11-01,fraud_detection,142,"The landscape of financial transactions has grown increasingly complex due to the expansion of global economic integration and advancements in information technology. This complexity poses greater challenges in detecting and managing financial fraud. This review explores the role of Graph Neural Networks (GNNs) in addressing these challenges by proposing a unified framework that categorizes existing GNN methodologies applied to financial fraud detection. Specifically, by examining a series of detailed research questions, this review delves into the suitability of GNNs for financial fraud detection, their deployment in real-world scenarios, and the design considerations that enhance their effectiveness. This review reveals that GNNs are exceptionally adept at capturing complex relational patterns and dynamics within financial networks, significantly outperforming traditional fraud detection methods. Unlike previous surveys that often overlook the specific potentials of GNNs or address them only superficially, our review provides a comprehensive, structured analysis, distinctly focusing on the multifaceted applications and deployments of GNNs in financial fraud detection. This review not only highlights the potential of GNNs to improve fraud detection mechanisms but also identifies current gaps and outlines future research directions to enhance their deployment in financial systems. Through a structured review of over 100 studies, this review paper contributes to the understanding of GNN applications in financial fraud detection, offering insights into their adaptability and potential integration strategies.",http://arxiv.org/abs/2411.05815v2,77.6430,
2003.01171,A Semi-supervised Graph Attentive Network for Financial Fraud Detection,Daixin Wang; Jianbin Lin; Peng Cui; Quanhui Jia; Zhen Wang; Yanming Fang; Quan Yu; Jun Zhou; Shuang Yang; Yuan Qi,2020-02-28,fraud_detection,480,"With the rapid growth of financial services, fraud detection has been a very important problem to guarantee a healthy environment for both users and providers. Conventional solutions for fraud detection mainly use some rule-based methods or distract some features manually to perform prediction. However, in financial services, users have rich interactions and they themselves always show multifaceted information. These data form a large multiview network, which is not fully exploited by conventional methods. Additionally, among the network, only very few of the users are labelled, which also poses a great challenge for only utilizing labeled data to achieve a satisfied performance on fraud detection. To address the problem, we expand the labeled data through their social relations to get the unlabeled data and propose a semi-supervised attentive graph neural network, namedSemiGNN to utilize the multi-view labeled and unlabeled data for fraud detection. Moreover, we propose a hierarchical attention mechanism to better correlate different neighbors and different views. Simultaneously, the attention mechanism can make the model interpretable and tell what are the important factors for the fraud and why the users are predicted as fraud. Experimentally, we conduct the prediction task on the users of Alipay, one of the largest third-party online and offline cashless payment platform serving more than 4 hundreds of million users in China. By utilizing the social relations and the user attributes, our method can achieve a better accuracy compared with the state-of-the-art methods on two tasks. Moreover, the interpretable results also give interesting intuitions regarding the tasks.",http://arxiv.org/abs/2003.01171v1,73.7879,
2403.04468,"A Survey of Graph Neural Networks in Real world: Imbalance, Noise, Privacy and OOD Challenges",Wei Ju; Siyu Yi; Yifan Wang; Zhiping Xiao; Zhengyang Mao; Hourun Li; Yiyang Gu; Yifang Qin; Nan Yin; Senzhang Wang; Xinwang Liu; Philip S. Yu; Ming Zhang,2024-03-07,fraud_detection,119,"Graph-structured data exhibits universality and widespread applicability across diverse domains, such as social network analysis, biochemistry, financial fraud detection, and network security. Significant strides have been made in leveraging Graph Neural Networks (GNNs) to achieve remarkable success in these areas. However, in real-world scenarios, the training environment for models is often far from ideal, leading to substantial performance degradation of GNN models due to various unfavorable factors, including imbalance in data distribution, the presence of noise in erroneous data, privacy protection of sensitive information, and generalization capability for out-of-distribution (OOD) scenarios. To tackle these issues, substantial efforts have been devoted to improving the performance of GNN models in practical real-world scenarios, as well as enhancing their reliability and robustness. In this paper, we present a comprehensive survey that systematically reviews existing GNN models, focusing on solutions to the four mentioned real-world challenges including imbalance, noise, privacy, and OOD in practical scenarios that many existing reviews have not considered. Specifically, we first highlight the four key challenges faced by existing GNNs, paving the way for our exploration of real-world GNN models. Subsequently, we provide detailed discussions on these four aspects, dissecting how these solutions contribute to enhancing the reliability and robustness of GNN models. Last but not least, we outline promising directions and offer future perspectives in the field.",http://arxiv.org/abs/2403.04468v2,47.9214,
2309.01127,Financial Fraud Detection using Quantum Graph Neural Networks,Nouhaila Innan; Abhishek Sawaika; Ashim Dhor; Siddhant Dutta; Sairupa Thota; Husayn Gokal; Nandan Patel; Muhammad Al-Zafar Khan; Ioannis Theodonis; Mohamed Bennai,2023-09-03,fraud_detection,130,"Financial fraud detection is essential for preventing significant financial losses and maintaining the reputation of financial institutions. However, conventional methods of detecting financial fraud have limited effectiveness, necessitating the need for new approaches to improve detection rates. In this paper, we propose a novel approach for detecting financial fraud using Quantum Graph Neural Networks (QGNNs). QGNNs are a type of neural network that can process graph-structured data and leverage the power of Quantum Computing (QC) to perform computations more efficiently than classical neural networks. Our approach uses Variational Quantum Circuits (VQC) to enhance the performance of the QGNN. In order to evaluate the efficiency of our proposed method, we compared the performance of QGNNs to Classical Graph Neural Networks using a real-world financial fraud detection dataset. The results of our experiments showed that QGNNs achieved an AUC of $0.85$, which outperformed classical GNNs. Our research highlights the potential of QGNNs and suggests that QGNNs are a promising new approach for improving financial fraud detection.",http://arxiv.org/abs/2309.01127v1,43.4424,
1505.01658,A Survey of Predictive Modelling under Imbalanced Distributions,Paula Branco; Luis Torgo; Rita Ribeiro,2015-05-07,fraud_detection,232,"Many real world data mining applications involve obtaining predictive models using data sets with strongly imbalanced distributions of the target variable. Frequently, the least common values of this target variable are associated with events that are highly relevant for end users (e.g. fraud detection, unusual returns on stock markets, anticipation of catastrophes, etc.). Moreover, the events may have different costs and benefits, which when associated with the rarity of some of them on the available training data creates serious problems to predictive modelling techniques. This paper presents a survey of existing techniques for handling these important applications of predictive analytics. Although most of the existing work addresses classification tasks (nominal target variables), we also describe methods designed to handle similar problems within regression tasks (numeric target variables). In this survey we discuss the main challenges raised by imbalanced distributions, describe the main approaches to these problems, propose a taxonomy of these methods and refer to some related problems within predictive modelling.",http://arxiv.org/abs/1505.01658v2,20.4978,
1909.01185,Towards automated feature engineering for credit card fraud detection using multi-perspective HMMs,Yvan Lucas; Pierre-Edouard Portier; Léa Laporte; Liyun He-Guelton; Olivier Caelen; Michael Granitzer; Sylvie Calabretto,2019-09-03,fraud_detection,136,"Machine learning and data mining techniques have been used extensively in order to detect credit card frauds. However, most studies consider credit card transactions as isolated events and not as a sequence of transactions. In this framework, we model a sequence of credit card transactions from three different perspectives, namely (i) The sequence contains or doesn't contain a fraud (ii) The sequence is obtained by fixing the card-holder or the payment terminal (iii) It is a sequence of spent amount or of elapsed time between the current and previous transactions. Combinations of the three binary perspectives give eight sets of sequences from the (training) set of transactions. Each one of these sequences is modelled with a Hidden Markov Model (HMM). Each HMM associates a likelihood to a transaction given its sequence of previous transactions. These likelihoods are used as additional features in a Random Forest classifier for fraud detection. Our multiple perspectives HMM-based approach offers automated feature engineering to model temporal correlations so as to improve the effectiveness of the classification task and allows for an increase in the detection of fraudulent transactions when combined with the state of the art expert based feature engineering strategy for credit card fraud detection. In extension to previous works, we show that this approach goes beyond ecommerce transactions and provides a robust feature engineering over different datasets, hyperparameters and classifiers. Moreover, we compare strategies to deal with structural missing values.",http://arxiv.org/abs/1909.01185v1,19.4495,
2407.06529,Advanced Financial Fraud Detection Using GNN-CL Model,Yu Cheng; Junjie Guo; Shiqing Long; You Wu; Mengfang Sun; Rong Zhang,2024-07-09,fraud_detection,36,"The innovative GNN-CL model proposed in this paper marks a breakthrough in the field of financial fraud detection by synergistically combining the advantages of graph neural networks (gnn), convolutional neural networks (cnn) and long short-term memory (LSTM) networks. This convergence enables multifaceted analysis of complex transaction patterns, improving detection accuracy and resilience against complex fraudulent activities. A key novelty of this paper is the use of multilayer perceptrons (MLPS) to estimate node similarity, effectively filtering out neighborhood noise that can lead to false positives. This intelligent purification mechanism ensures that only the most relevant information is considered, thereby improving the model's understanding of the network structure. Feature weakening often plagues graph-based models due to the dilution of key signals. In order to further address the challenge of feature weakening, GNN-CL adopts reinforcement learning strategies. By dynamically adjusting the weights assigned to central nodes, it reinforces the importance of these influential entities to retain important clues of fraud even in less informative data. Experimental evaluations on Yelp datasets show that the results highlight the superior performance of GNN-CL compared to existing methods.",http://arxiv.org/abs/2407.06529v1,16.7931,
2107.13508,Uncertainty-Aware Credit Card Fraud Detection Using Deep Learning,Maryam Habibpour; Hassan Gharoun; Mohammadreza Mehdipour; AmirReza Tajally; Hamzeh Asgharnezhad; Afshar Shamsi; Abbas Khosravi; Miadreza Shafie-Khah; Saeid Nahavandi; Joao P. S. Catalao,2021-07-28,fraud_detection,82,"Countless research works of deep neural networks (DNNs) in the task of credit card fraud detection have focused on improving the accuracy of point predictions and mitigating unwanted biases by building different network architectures or learning models. Quantifying uncertainty accompanied by point estimation is essential because it mitigates model unfairness and permits practitioners to develop trustworthy systems which abstain from suboptimal decisions due to low confidence. Explicitly, assessing uncertainties associated with DNNs predictions is critical in real-world card fraud detection settings for characteristic reasons, including (a) fraudsters constantly change their strategies, and accordingly, DNNs encounter observations that are not generated by the same process as the training distribution, (b) owing to the time-consuming process, very few transactions are timely checked by professional experts to update DNNs. Therefore, this study proposes three uncertainty quantification (UQ) techniques named Monte Carlo dropout, ensemble, and ensemble Monte Carlo dropout for card fraud detection applied on transaction data. Moreover, to evaluate the predictive uncertainty estimates, UQ confusion matrix and several performance metrics are utilized. Through experimental results, we show that the ensemble is more effective in capturing uncertainty corresponding to generated predictions. Additionally, we demonstrate that the proposed UQ methods provide extra insight to the point predictions, leading to elevate the fraud prevention process.",http://arxiv.org/abs/2107.13508v1,16.1024,
2402.14708,CaT-GNN: Enhancing Credit Card Fraud Detection via Causal Temporal Graph Neural Networks,Yifan Duan; Guibin Zhang; Shilong Wang; Xiaojiang Peng; Wang Ziqi; Junyuan Mao; Hao Wu; Xinke Jiang; Kun Wang,2024-02-22,fraud_detection,37,"Credit card fraud poses a significant threat to the economy. While Graph Neural Network (GNN)-based fraud detection methods perform well, they often overlook the causal effect of a node's local structure on predictions. This paper introduces a novel method for credit card fraud detection, the \textbf{\underline{Ca}}usal \textbf{\underline{T}}emporal \textbf{\underline{G}}raph \textbf{\underline{N}}eural \textbf{N}etwork (CaT-GNN), which leverages causal invariant learning to reveal inherent correlations within transaction data. By decomposing the problem into discovery and intervention phases, CaT-GNN identifies causal nodes within the transaction graph and applies a causal mixup strategy to enhance the model's robustness and interpretability. CaT-GNN consists of two key components: Causal-Inspector and Causal-Intervener. The Causal-Inspector utilizes attention weights in the temporal attention mechanism to identify causal and environment nodes without introducing additional parameters. Subsequently, the Causal-Intervener performs a causal mixup enhancement on environment nodes based on the set of nodes. Evaluated on three datasets, including a private financial dataset and two public datasets, CaT-GNN demonstrates superior performance over existing state-of-the-art methods. Our findings highlight the potential of integrating causal reasoning with graph neural networks to improve fraud detection capabilities in financial transactions.",http://arxiv.org/abs/2402.14708v2,14.6735,
1611.06439,A Survey of Credit Card Fraud Detection Techniques: Data and Technique Oriented Perspective, SamanehSorournejad; Zahra Zojaji; Reza Ebrahimi Atani; Amir Hassan Monadjemi,2016-11-19,fraud_detection,135,"Credit card plays a very important rule in today's economy. It becomes an unavoidable part of household, business and global activities. Although using credit cards provides enormous benefits when used carefully and responsibly,significant credit and financial damages may be caused by fraudulent activities. Many techniques have been proposed to confront the growth in credit card fraud. However, all of these techniques have the same goal of avoiding the credit card fraud; each one has its own drawbacks, advantages and characteristics. In this paper, after investigating difficulties of credit card fraud detection, we seek to review the state of the art in credit card fraud detection techniques, data sets and evaluation criteria.The advantages and disadvantages of fraud detection methods are enumerated and compared.Furthermore, a classification of mentioned techniques into two main fraud detection approaches, namely, misuses (supervised) and anomaly detection (unsupervised) is presented. Again, a classification of techniques is proposed based on capability to process the numerical and categorical data sets. Different data sets used in literature are then described and grouped into real and synthesized data and the effective and common attributes are extracted for further usage.Moreover, evaluation employed criterions in literature are collected and discussed.Consequently, open issues for credit card fraud detection are explained as guidelines for new researchers.",http://arxiv.org/abs/1611.06439v1,13.8042,
2506.02703,Data Leakage and Deceptive Performance: A Critical Examination of Credit Card Fraud Detection Methodologies,Khizar Hayat; Baptiste Magnier,2025-06-03,fraud_detection,16,"This study critically examines the methodological rigor in credit card fraud detection research, revealing how fundamental evaluation flaws can overshadow algorithmic sophistication. Through deliberate experimentation with improper evaluation protocols, we demonstrate that even simple models can achieve deceptively impressive results when basic methodological principles are violated. Our analysis identifies four critical issues plaguing current approaches: (1) pervasive data leakage from improper preprocessing sequences, (2) intentional vagueness in methodological reporting, (3) inadequate temporal validation for transaction data, and (4) metric manipulation through recall optimization at precision's expense. We present a case study showing how a minimal neural network architecture with data leakage outperforms many sophisticated methods reported in literature, achieving 99.9\% recall despite fundamental evaluation flaws. These findings underscore that proper evaluation methodology matters more than model complexity in fraud detection research. The study serves as a cautionary example of how methodological rigor must precede architectural sophistication, with implications for improving research practices across machine learning applications.",http://arxiv.org/abs/2506.02703v3,12.8722,
1804.07481,Streaming Active Learning Strategies for Real-Life Credit Card Fraud Detection: Assessment and Visualization,Fabirzio Carcillo; Yann-Aël Le Borgne; Olivier Caelen; Gianluca Bontempi,2018-04-20,fraud_detection,107,"Credit card fraud detection is a very challenging problem because of the specific nature of transaction data and the labeling process. The transaction data is peculiar because they are obtained in a streaming fashion, they are strongly imbalanced and prone to non-stationarity. The labeling is the outcome of an active learning process, as every day human investigators contact only a small number of cardholders (associated to the riskiest transactions) and obtain the class (fraud or genuine) of the related transactions. An adequate selection of the set of cardholders is therefore crucial for an efficient fraud detection process. In this paper, we present a number of active learning strategies and we investigate their fraud detection accuracies. We compare different criteria (supervised, semi-supervised and unsupervised) to query unlabeled transactions. Finally, we highlight the existence of an exploitation/exploration trade-off for active learning in the context of fraud detection, which has so far been overlooked in the literature.",http://arxiv.org/abs/1804.07481v1,12.7927,
2012.03754,Deep Learning Methods for Credit Card Fraud Detection,Thanh Thi Nguyen; Hammad Tahir; Mohamed Abdelrazek; Ali Babar,2020-12-07,fraud_detection,72,"Credit card frauds are at an ever-increasing rate and have become a major problem in the financial sector. Because of these frauds, card users are hesitant in making purchases and both the merchants and financial institutions bear heavy losses. Some major challenges in credit card frauds involve the availability of public data, high class imbalance in data, changing nature of frauds and the high number of false alarms. Machine learning techniques have been used to detect credit card frauds but no fraud detection systems have been able to offer great efficiency to date. Recent development of deep learning has been applied to solve complex problems in various areas. This paper presents a thorough study of deep learning methods for the credit card fraud detection problem and compare their performance with various machine learning algorithms on three different financial datasets. Experimental results show great performance of the proposed deep learning methods against traditional machine learning models and imply that the proposed approaches can be implemented effectively for real-world credit card fraud detection systems.",http://arxiv.org/abs/2012.03754v1,12.5647,
1904.10604,A Comparison Study of Credit Card Fraud Detection: Supervised versus Unsupervised,Xuetong Niu; Li Wang; Xulei Yang,2019-04-24,fraud_detection,85,"Credit card has become popular mode of payment for both online and offline purchase, which leads to increasing daily fraud transactions. An Efficient fraud detection methodology is therefore essential to maintain the reliability of the payment system. In this study, we perform a comparison study of credit card fraud detection by using various supervised and unsupervised approaches. Specifically, 6 supervised classification models, i.e., Logistic Regression (LR), K-Nearest Neighbors (KNN), Support Vector Machines (SVM), Decision Tree (DT), Random Forest (RF), Extreme Gradient Boosting (XGB), as well as 4 unsupervised anomaly detection models, i.e., One-Class SVM (OCSVM), Auto-Encoder (AE), Restricted Boltzmann Machine (RBM), and Generative Adversarial Networks (GAN), are explored in this study. We train all these models on a public credit card transaction dataset from Kaggle website, which contains 492 frauds out of 284,807 transactions. The labels of the transactions are used for supervised learning models only. The performance of each model is evaluated through 5-fold cross validation in terms of Area Under the Receiver Operating Curves (AUROC). Within supervised approaches, XGB and RF obtain the best performance with AUROC = 0.989 and AUROC = 0.988, respectively. While for unsupervised approaches, RBM achieves the best performance with AUROC = 0.961, followed by GAN with AUROC = 0.954. The experimental results show that supervised models perform slightly better than unsupervised models in this study. Anyway, unsupervised approaches are still promising for credit card fraud transaction detection due to the insufficient annotation and the data imbalance issue in real-world applications.",http://arxiv.org/abs/1904.10604v1,11.5585,
2503.10058,"Deep Learning Approaches for Anti-Money Laundering on Mobile Transactions: Review, Framework, and Directions",Jiani Fan; Lwin Khin Shar; Ruichen Zhang; Ziyao Liu; Wenzhuo Yang; Dusit Niyato; Bomin Mao; Kwok-Yan Lam,2025-03-13,fraud_detection,16,"Money laundering is a financial crime that obscures the origin of illicit funds, necessitating the development and enforcement of anti-money laundering (AML) policies by governments and organizations. The proliferation of mobile payment platforms and smart IoT devices has significantly complicated AML investigations. As payment networks become more interconnected, there is an increasing need for efficient real-time detection to process large volumes of transaction data on heterogeneous payment systems by different operators such as digital currencies, cryptocurrencies and account-based payments. Most of these mobile payment networks are supported by connected devices, many of which are considered loT devices in the FinTech space that constantly generate data. Furthermore, the growing complexity and unpredictability of transaction patterns across these networks contribute to a higher incidence of false positives. While machine learning solutions have the potential to enhance detection efficiency, their application in AML faces unique challenges, such as addressing privacy concerns tied to sensitive financial data and managing the real-world constraint of limited data availability due to data regulations. Existing surveys in the AML literature broadly review machine learning approaches for money laundering detection, but they often lack an in-depth exploration of advanced deep learning techniques - an emerging field with significant potential. To address this gap, this paper conducts a comprehensive review of deep learning solutions and the challenges associated with their use in AML. Additionally, we propose a novel framework that applies the least-privilege principle by integrating machine learning techniques, codifying AML red flags, and employing account profiling to provide context for predictions and enable effective fraud detection under limited data availability....",http://arxiv.org/abs/2503.10058v1,10.9030,
2605.12782,Graph-Based Financial Fraud Detection with Calibrated Risk Scoring and Structural Regularization,Yunfei Nie; Jiawei Wang; Ruobing Yan; Yuhan Wang; Zouxiaowei Ma; Yilun Wu,2026-05-12,fraud_detection,10,"Financial transaction fraud prevention faces challenges such as complex relationship structures, concealed behavioral patterns, and dynamically changing data distribution. Discrimination models relying solely on independent sample features are insufficient to fully characterize the risks of group collaboration and chain transfers within transaction networks. This paper proposes a graph neural network representation learning and risk discrimination framework for financial transaction fraud prevention. It integrates transaction records and identity information into node attributes and constructs a transaction graph based on shared attributes and interaction consistency to explicitly model inter-transaction relationships. In model design, a multi-layer message passing mechanism is employed to aggregate neighborhood information, learn node embedding representations containing structural context semantics, and output transaction-level fraud probability and risk scores through a lightweight risk discrimination head. A weighted supervision objective is introduced to mitigate training bias caused by class imbalance, and structural consistency regularization constraints are combined to suppress the impact of noisy edges on representation drift, thereby improving the stability and usability of risk characterization. Experiments are conducted on a publicly available financial transaction dataset, comparing various methods in the same direction and comprehensively evaluating them under a unified evaluation protocol. The results show that the proposed method outperforms other methods in risk ranking and probability calibration quality, validating the effectiveness of graph structure modeling and representation learning collaboration in financial transaction fraud prevention.",http://arxiv.org/abs/2605.12782v1,10.0000,
2010.06479,Credit card fraud detection using machine learning: A survey,Yvan Lucas; Johannes Jurgovsky,2020-10-13,fraud_detection,56,"Credit card fraud has emerged as major problem in the electronic payment sector. In this survey, we study data-driven credit card fraud detection particularities and several machine learning methods to address each of its intricate challenges with the goal to identify fraudulent transactions that have been issued illegitimately on behalf of the rightful card owner. In particular, we first characterize a typical credit card detection task: the dataset and its attributes, the metric choice along with some methods to handle such unbalanced datasets. These questions are the entry point of every credit card fraud detection problem. Then we focus on dataset shift (sometimes called concept drift), which refers to the fact that the underlying distribution generating the dataset evolves over times: For example, card holders may change their buying habits over seasons and fraudsters may adapt their strategies. This phenomenon may hinder the usage of machine learning methods for real world datasets such as credit card transactions datasets. Afterwards we highlights different approaches used in order to capture the sequential properties of credit card transactions. These approaches range from feature engineering techniques (transactions aggregations for example) to proper sequence modeling methods such as recurrent neural networks (LSTM) or graphical models (hidden markov models).",http://arxiv.org/abs/2010.06479v1,9.5223,
1711.00837,Oversampling for Imbalanced Learning Based on K-Means and SMOTE,Felix Last; Georgios Douzas; Fernando Bacao,2017-11-02,class_imbalance,966,"Learning from class-imbalanced data continues to be a common and challenging problem in supervised learning as standard classification algorithms are designed to handle balanced class distributions. While different strategies exist to tackle this problem, methods which generate artificial data to achieve a balanced class distribution are more versatile than modifications to the classification algorithm. Such techniques, called oversamplers, modify the training data, allowing any classifier to be used with class-imbalanced datasets. Many algorithms have been proposed for this task, but most are complex and tend to generate unnecessary noise. This work presents a simple and effective oversampling method based on k-means clustering and SMOTE oversampling, which avoids the generation of noise and effectively overcomes imbalances between and within classes. Empirical results of extensive experiments with 71 datasets show that training data oversampled with the proposed method improves classification results. Moreover, k-means SMOTE consistently outperforms other popular oversampling methods. An implementation is made available in the python programming language.",http://arxiv.org/abs/1711.00837v2,109.4391,
2008.09202,Conditional Wasserstein GAN-based Oversampling of Tabular Data for Imbalanced Learning,Justin Engelmann; Stefan Lessmann,2020-08-20,class_imbalance,323,"Class imbalance is a common problem in supervised learning and impedes the predictive performance of classification models. Popular countermeasures include oversampling the minority class. Standard methods like SMOTE rely on finding nearest neighbours and linear interpolations which are problematic in case of high-dimensional, complex data distributions. Generative Adversarial Networks (GANs) have been proposed as an alternative method for generating artificial minority examples as they can model complex distributions. However, prior research on GAN-based oversampling does not incorporate recent advancements from the literature on generating realistic tabular data with GANs. Previous studies also focus on numerical variables whereas categorical features are common in many business applications of classification methods such as credit scoring. The paper propoes an oversampling method based on a conditional Wasserstein GAN that can effectively model tabular datasets with numerical and categorical variables and pays special attention to the down-stream classification task through an auxiliary classifier loss. We benchmark our method against standard oversampling methods and the imbalanced baseline on seven real-world datasets. Empirical results evidence the competitiveness of GAN-based oversampling.",http://arxiv.org/abs/2008.09202v1,53.5766,
2011.07640,Precision-Recall Curve (PRC) Classification Trees,Jiaju Miao; Wei Zhu,2020-11-15,class_imbalance,229,"The classification of imbalanced data has presented a significant challenge for most well-known classification algorithms that were often designed for data with relatively balanced class distributions. Nevertheless skewed class distribution is a common feature in real world problems. It is especially prevalent in certain application domains with great need for machine learning and better predictive analysis such as disease diagnosis, fraud detection, bankruptcy prediction, and suspect identification. In this paper, we propose a novel tree-based algorithm based on the area under the precision-recall curve (AUPRC) for variable selection in the classification context. Our algorithm, named as the ""Precision-Recall Curve classification tree"", or simply the ""PRC classification tree"" modifies two crucial stages in tree building. The first stage is to maximize the area under the precision-recall curve in node variable selection. The second stage is to maximize the harmonic mean of recall and precision (F-measure) for threshold selection. We found the proposed PRC classification tree, and its subsequent extension, the PRC random forest, work well especially for class-imbalanced data sets. We have demonstrated that our methods outperform their classic counterparts, the usual CART and random forest for both synthetic and real data. Furthermore, the ROC classification tree proposed by our group previously has shown good performance in imbalanced data. The combination of them, the PRC-ROC tree, also shows great promise in identifying the minority class.",http://arxiv.org/abs/2011.07640v1,39.5472,
1804.10801,A Cost-Sensitive Deep Belief Network for Imbalanced Classification,Chong Zhang; Kay Chen Tan; Haizhou Li; Geok Soon Hong,2018-04-28,class_imbalance,255,"Imbalanced data with a skewed class distribution are common in many real-world applications. Deep Belief Network (DBN) is a machine learning technique that is effective in classification tasks. However, conventional DBN does not work well for imbalanced data classification because it assumes equal costs for each class. To deal with this problem, cost-sensitive approaches assign different misclassification costs for different classes without disrupting the true data sample distributions. However, due to lack of prior knowledge, the misclassification costs are usually unknown and hard to choose in practice. Moreover, it has not been well studied as to how cost-sensitive learning could improve DBN performance on imbalanced data problems. This paper proposes an evolutionary cost-sensitive deep belief network (ECS-DBN) for imbalanced classification. ECS-DBN uses adaptive differential evolution to optimize the misclassification costs based on training data, that presents an effective approach to incorporating the evaluation measure (i.e. G-mean) into the objective function. We first optimize the misclassification costs, then apply them to deep belief network. Adaptive differential evolution optimization is implemented as the optimization algorithm that automatically updates its corresponding parameters without the need of prior domain knowledge. The experiments have shown that the proposed approach consistently outperforms the state-of-the-art on both benchmark datasets and real-world dataset for fault diagnosis in tool condition monitoring.",http://arxiv.org/abs/1804.10801v2,30.5674,
2012.11870,A Survey of Methods for Managing the Classification and Solution of Data Imbalance Problem,Khan Md. Hasib; Md. Sadiq Iqbal; Faisal Muhammad Shah; Jubayer Al Mahmud; Mahmudul Hasan Popel; Md. Imran Hossain Showrov; Shakil Ahmed; Obaidur Rahman,2020-12-22,class_imbalance,136,"The problem of class imbalance is extensive for focusing on numerous applications in the real world. In such a situation, nearly all of the examples are labeled as one class called majority class, while far fewer examples are labeled as the other class usually, the more important class is called minority. Over the last few years, several types of research have been carried out on the issue of class imbalance, including data sampling, cost-sensitive analysis, Genetic Programming based models, bagging, boosting, etc. Nevertheless, in this survey paper, we enlisted the 24 related studies in the years 2003, 2008, 2010, 2012 and 2014 to 2019, focusing on the architecture of single, hybrid, and ensemble method design to understand the current status of improving classification output in machine learning techniques to fix problems with class imbalances. This survey paper also includes a statistical analysis of the classification algorithms under various methods and several other experimental conditions, as well as datasets used in different research papers.",http://arxiv.org/abs/2012.11870v1,23.9047,
1908.08346,LoRAS: An oversampling approach for imbalanced datasets,Saptarshi Bej; Narek Davtyan; Markus Wolfien; Mariam Nassar; Olaf Wolkenhauer,2019-08-22,class_imbalance,155,"The Synthetic Minority Oversampling TEchnique (SMOTE) is widely-used for the analysis of imbalanced datasets. It is known that SMOTE frequently over-generalizes the minority class, leading to misclassifications for the majority class, and effecting the overall balance of the model. In this article, we present an approach that overcomes this limitation of SMOTE, employing Localized Random Affine Shadowsampling (LoRAS) to oversample from an approximated data manifold of the minority class. We benchmarked our algorithm with 14 publicly available imbalanced datasets using three different Machine Learning (ML) algorithms and compared the performance of LoRAS, SMOTE and several SMOTE extensions that share the concept of using convex combinations of minority class data points for oversampling with LoRAS. We observed that LoRAS, on average generates better ML models in terms of F1-Score and Balanced accuracy. Another key observation is that while most of the extensions of SMOTE we have tested, improve the F1-Score with respect to SMOTE on an average, they compromise on the Balanced accuracy of a classification model. LoRAS on the contrary, improves both F1 Score and the Balanced accuracy thus produces better classification models. Moreover, to explain the success of the algorithm, we have constructed a mathematical framework to prove that LoRAS oversampling technique provides a better estimate for the mean of the underlying local data distribution of the minority class data space.",http://arxiv.org/abs/1908.08346v4,22.0630,
2101.08030,Adversarial Attacks for Tabular Data: Application to Fraud Detection and Imbalanced Data,Francesco Cartella; Orlando Anunciacao; Yuki Funabiki; Daisuke Yamaguchi; Toru Akishita; Olivier Elshocht,2021-01-20,class_imbalance,103,"Guaranteeing the security of transactional systems is a crucial priority of all institutions that process transactions, in order to protect their businesses against cyberattacks and fraudulent attempts. Adversarial attacks are novel techniques that, other than being proven to be effective to fool image classification models, can also be applied to tabular data. Adversarial attacks aim at producing adversarial examples, in other words, slightly modified inputs that induce the Artificial Intelligence (AI) system to return incorrect outputs that are advantageous for the attacker. In this paper we illustrate a novel approach to modify and adapt state-of-the-art algorithms to imbalanced tabular data, in the context of fraud detection. Experimental results show that the proposed modifications lead to a perfect attack success rate, obtaining adversarial examples that are also less perceptible when analyzed by humans. Moreover, when applied to a real-world production system, the proposed techniques shows the possibility of posing a serious threat to the robustness of advanced AI-based fraud detection procedures.",http://arxiv.org/abs/2101.08030v1,18.3605,
2512.23133,Principled Algorithms for Optimizing Generalized Metrics in Binary Classification,Anqi Mao; Mehryar Mohri; Yutao Zhong,2025-12-29,class_imbalance,17,"In applications with significant class imbalance or asymmetric costs, metrics such as the $F_β$-measure, AM measure, Jaccard similarity coefficient, and weighted accuracy offer more suitable evaluation criteria than standard binary classification loss. However, optimizing these metrics present significant computational and statistical challenges. Existing approaches often rely on the characterization of the Bayes-optimal classifier, and use threshold-based methods that first estimate class probabilities and then seek an optimal threshold. This leads to algorithms that are not tailored to restricted hypothesis sets and lack finite-sample performance guarantees. In this work, we introduce principled algorithms for optimizing generalized metrics, supported by $H$-consistency and finite-sample generalization bounds. Our approach reformulates metric optimization as a generalized cost-sensitive learning problem, enabling the design of novel surrogate loss functions with provable $H$-consistency guarantees. Leveraging this framework, we develop new algorithms, METRO (Metric Optimization), with strong theoretical performance guarantees. We report the results of experiments demonstrating the effectiveness of our methods compared to prior baselines.",http://arxiv.org/abs/2512.23133v1,17.0000,
1712.04356,CUSBoost: Cluster-based Under-sampling with Boosting for Imbalanced Classification,Farshid Rayhan; Sajid Ahmed; Asif Mahbub; Md. Rafsan Jani; Swakkhar Shatabda; Dewan Md. Farid,2017-12-12,class_imbalance,102,"Class imbalance classification is a challenging research problem in data mining and machine learning, as most of the real-life datasets are often imbalanced in nature. Existing learning algorithms maximise the classification accuracy by correctly classifying the majority class, but misclassify the minority class. However, the minority class instances are representing the concept with greater interest than the majority class instances in real-life applications. Recently, several techniques based on sampling methods (under-sampling of the majority class and over-sampling the minority class), cost-sensitive learning methods, and ensemble learning have been used in the literature for classifying imbalanced datasets. In this paper, we introduce a new clustering-based under-sampling approach with boosting (AdaBoost) algorithm, called CUSBoost, for effective imbalanced classification. The proposed algorithm provides an alternative to RUSBoost (random under-sampling with AdaBoost) and SMOTEBoost (synthetic minority over-sampling with AdaBoost) algorithms. We evaluated the performance of CUSBoost algorithm with the state-of-the-art methods based on ensemble learning like AdaBoost, RUSBoost, SMOTEBoost on 13 imbalance binary and multi-class datasets with various imbalance ratios. The experimental results show that the CUSBoost is a promising and effective approach for dealing with highly imbalanced datasets.",http://arxiv.org/abs/1712.04356v1,11.7008,
2504.05758,Addressing Class Imbalance with Probabilistic Graphical Models and Variational Inference,Yujia Lou; Jie Liu; Yuan Sheng; Jiawei Wang; Yiwei Zhang; Yaokun Ren,2025-04-08,class_imbalance,14,"This study proposes a method for imbalanced data classification based on deep probabilistic graphical models (DPGMs) to solve the problem that traditional methods have insufficient learning ability for minority class samples. To address the classification bias caused by class imbalance, we introduce variational inference optimization probability modeling, which enables the model to adaptively adjust the representation ability of minority classes and combines the class-aware weight adjustment strategy to enhance the classifier's sensitivity to minority classes. In addition, we combine the adversarial learning mechanism to generate minority class samples in the latent space so that the model can better characterize the category boundary in the high-dimensional feature space. The experiment is evaluated on the Kaggle ""Credit Card Fraud Detection"" dataset and compared with a variety of advanced imbalanced classification methods (such as GAN-based sampling, BRF, XGBoost-Cost Sensitive, SAAD, HAN). The results show that the method in this study has achieved the best performance in AUC, Precision, Recall and F1-score indicators, effectively improving the recognition rate of minority classes and reducing the false alarm rate. This method can be widely used in imbalanced classification tasks such as financial fraud detection, medical diagnosis, and anomaly detection, providing a new solution for related research.",http://arxiv.org/abs/2504.05758v1,10.0265,
2402.17398,A Quantum Approach to Synthetic Minority Oversampling Technique (SMOTE),Nishikanta Mohanty; Bikash K. Behera; Christopher Ferrie; Pravat Dash,2024-02-27,class_imbalance,25,"The paper proposes the Quantum-SMOTE method, a novel solution that uses quantum computing techniques to solve the prevalent problem of class imbalance in machine learning datasets. Quantum-SMOTE, inspired by the Synthetic Minority Oversampling Technique (SMOTE), generates synthetic data points using quantum processes such as swap tests and quantum rotation. The process varies from the conventional SMOTE algorithm's usage of K-Nearest Neighbors (KNN) and Euclidean distances, enabling synthetic instances to be generated from minority class data points without relying on neighbor proximity. The algorithm asserts greater control over the synthetic data generation process by introducing hyperparameters such as rotation angle, minority percentage, and splitting factor, which allow for customization to specific dataset requirements. Due to the use of a compact swap test, the algorithm can accommodate a large number of features. Furthermore, the approach is tested on a public dataset of Telecom Churn and evaluated alongside two prominent classification algorithms, Random Forest and Logistic Regression, to determine its impact along with varying proportions of synthetic data.",http://arxiv.org/abs/2402.17398v3,9.9686,
2303.06514,Credit Card Fraud Detection Using Enhanced Random Forest Classifier for Imbalanced Data,AlsharifHasan Mohamad Aburbeian; Huthaifa I. Ashqar,2023-03-11,class_imbalance,34,"The credit card has become the most popular payment method for both online and offline transactions. The necessity to create a fraud detection algorithm to precisely identify and stop fraudulent activity arises as a result of both the development of technology and the rise in fraud cases. This paper implements the random forest (RF) algorithm to solve the issue in the hand. A dataset of credit card transactions was used in this study. The main problem when dealing with credit card fraud detection is the imbalanced dataset in which most of the transaction are non-fraud ones. To overcome the problem of the imbalanced dataset, the synthetic minority over-sampling technique (SMOTE) was used. Implementing the hyperparameters technique to enhance the performance of the random forest classifier. The results showed that the RF classifier gained an accuracy of 98% and about 98% of F1-score value, which is promising. We also believe that our model is relatively easy to apply and can overcome the issue of imbalanced data for fraud detection applications.",http://arxiv.org/abs/2303.06514v1,9.7861,
2009.10343,Gamma distribution-based sampling for imbalanced data,Firuz Kamalov; Dmitry Denisov,2020-09-22,class_imbalance,49,"Imbalanced class distribution is a common problem in a number of fields including medical diagnostics, fraud detection, and others. It causes bias in classification algorithms leading to poor performance on the minority class data. In this paper, we propose a novel method for balancing the class distribution in data through intelligent resampling of the minority class instances. The proposed method is based on generating new minority instances in the neighborhood of the existing minority points via a gamma distribution. Our method offers a natural and coherent approach to balancing the data. We conduct a comprehensive numerical analysis of the new sampling technique. The experimental results show that the proposed method outperforms the existing state-of-the-art methods for imbalanced data. Concretely, the new sampling technique produces the best results on 12 out of 24 real life as well as synthetic datasets. For comparison, the SMOTE method achieves the top score on only 1 dataset. We conclude that the new technique offers a simple yet effective sampling approach to balance data.",http://arxiv.org/abs/2009.10343v1,8.2514,
1901.03407,Deep Learning for Anomaly Detection: A Survey,Raghavendra Chalapathy; Sanjay Chawla,2019-01-10,anomaly_detection,1899,"Anomaly detection is an important problem that has been well-studied within diverse research areas and application domains. The aim of this survey is two-fold, firstly we present a structured and comprehensive overview of research methods in deep learning-based anomaly detection. Furthermore, we review the adoption of these methods for anomaly across various application domains and assess their effectiveness. We have grouped state-of-the-art research techniques into different categories based on the underlying assumptions and approach adopted. Within each category we outline the basic anomaly detection technique, along with its variants and present key assumptions, to differentiate between normal and anomalous behavior. For each category, we present we also present the advantages and limitations and discuss the computational complexity of the techniques in real application domains. Finally, we outline open issues in research and challenges faced while adopting these techniques.",http://arxiv.org/abs/1901.03407v2,248.6056,
2007.02500,Deep Learning for Anomaly Detection: A Review,Guansong Pang; Chunhua Shen; Longbing Cao; Anton van den Hengel,2020-07-06,anomaly_detection,1444,"Anomaly detection, a.k.a. outlier detection or novelty detection, has been a lasting yet active research area in various research communities for several decades. There are still some unique problem complexities and challenges that require advanced approaches. In recent years, deep learning enabled anomaly detection, i.e., deep anomaly detection, has emerged as a critical direction. This paper surveys the research of deep anomaly detection with a comprehensive taxonomy, covering advancements in three high-level categories and 11 fine-grained categories of the methods. We review their key intuitions, objective functions, underlying assumptions, advantages and disadvantages, and discuss how they address the aforementioned challenges. We further discuss a set of possible future opportunities and new perspectives on addressing the challenges.",http://arxiv.org/abs/2007.02500v3,234.7223,
2211.05244,Deep Learning for Time Series Anomaly Detection: A Survey,Zahra Zamanzadeh Darban; Geoffrey I. Webb; Shirui Pan; Charu C. Aggarwal; Mahsa Salehi,2022-11-09,anomaly_detection,712,"Time series anomaly detection has applications in a wide range of research fields and applications, including manufacturing and healthcare. The presence of anomalies can indicate novel or unexpected events, such as production faults, system defects, or heart fluttering, and is therefore of particular interest. The large size and complex patterns of time series have led researchers to develop specialised deep learning models for detecting anomalous patterns. This survey focuses on providing structured and comprehensive state-of-the-art time series anomaly detection models through the use of deep learning. It providing a taxonomy based on the factors that divide anomaly detection models into different categories. Aside from describing the basic anomaly detection technique for each category, the advantages and limitations are also discussed. Furthermore, this study includes examples of deep anomaly detection in time series across various application domains in recent years. It finally summarises open issues in research and challenges faced while adopting deep anomaly detection models.",http://arxiv.org/abs/2211.05244v3,186.9576,
2106.07178,A Comprehensive Survey on Graph Anomaly Detection with Deep Learning,Xiaoxiao Ma; Jia Wu; Shan Xue; Jian Yang; Chuan Zhou; Quan Z. Sheng; Hui Xiong; Leman Akoglu,2021-06-14,anomaly_detection,862,"Anomalies represent rare observations (e.g., data records or events) that deviate significantly from others. Over several decades, research on anomaly mining has received increasing interests due to the implications of these occurrences in a wide range of disciplines. Anomaly detection, which aims to identify rare observations, is among the most vital tasks in the world, and has shown its power in preventing detrimental events, such as financial fraud, network intrusion, and social spam. The detection task is typically solved by identifying outlying data points in the feature space and inherently overlooks the relational information in real-world data. Graphs have been prevalently used to represent the structural information, which raises the graph anomaly detection problem - identifying anomalous graph objects (i.e., nodes, edges and sub-graphs) in a single graph, or anomalous graphs in a database/set of graphs. However, conventional anomaly detection techniques cannot tackle this problem well because of the complexity of graph data. For the advent of deep learning, graph anomaly detection with deep learning has received a growing attention recently. In this survey, we aim to provide a systematic and comprehensive review of the contemporary deep learning techniques for graph anomaly detection. We compile open-sourced implementations, public datasets, and commonly-used evaluation metrics to provide affluent resources for future studies. More importantly, we highlight twelve extensive future research directions according to our survey results covering unsolved and emerging research problems and real-world applications. With this survey, our goal is to create a ""one-stop-shop"" that provides a unified understanding of the problem categories and existing approaches, publicly available hands-on resources, and high-impact open challenges for graph anomaly detection using deep learning.",http://arxiv.org/abs/2106.07178v5,165.3600,
2002.12478,Time Series Data Augmentation for Deep Learning: A Survey,Qingsong Wen; Liang Sun; Fan Yang; Xiaomin Song; Jingkun Gao; Xue Wang; Huan Xu,2020-02-27,anomaly_detection,864,"Deep learning performs remarkably well on many time series analysis tasks recently. The superior performance of deep neural networks relies heavily on a large number of training data to avoid overfitting. However, the labeled data of many real-world time series applications may be limited such as classification in medical time series and anomaly detection in AIOps. As an effective way to enhance the size and quality of the training data, data augmentation is crucial to the successful application of deep learning models on time series data. In this paper, we systematically review different data augmentation methods for time series. We propose a taxonomy for the reviewed methods, and then provide a structured review for these methods by highlighting their strengths and limitations. We also empirically compare different data augmentation methods for different tasks including time series classification, anomaly detection, and forecasting. Finally, we discuss and highlight five future directions to provide useful research guidance.",http://arxiv.org/abs/2002.12478v4,132.7623,
1906.04928,Deep Learning for Spatio-Temporal Data Mining: A Survey,Senzhang Wang; Jiannong Cao; Philip S. Yu,2019-06-11,anomaly_detection,813,"With the fast development of various positioning techniques such as Global Position System (GPS), mobile devices and remote sensing, spatio-temporal data has become increasingly available nowadays. Mining valuable knowledge from spatio-temporal data is critically important to many real world applications including human mobility understanding, smart transportation, urban planning, public safety, health care and environmental management. As the number, volume and resolution of spatio-temporal datasets increase rapidly, traditional data mining methods, especially statistics based methods for dealing with such data are becoming overwhelmed. Recently, with the advances of deep learning techniques, deep leaning models such as convolutional neural network (CNN) and recurrent neural network (RNN) have enjoyed considerable success in various machine learning tasks due to their powerful hierarchical feature learning ability in both spatial and temporal domains, and have been widely applied in various spatio-temporal data mining (STDM) tasks such as predictive learning, representation learning, anomaly detection and classification. In this paper, we provide a comprehensive survey on recent progress in applying deep learning techniques for STDM. We first categorize the types of spatio-temporal data and briefly introduce the popular deep learning models that are used in STDM. Then a framework is introduced to show a general pipeline of the utilization of deep learning models for STDM. Next we classify existing literatures based on the types of ST data, the data mining tasks, and the deep learning models, followed by the applications of deep learning for STDM in different domains including transportation, climate science, human mobility, location based social network, crime analysis, and neuroscience. Finally, we conclude the limitations of current research and point out future research directions.",http://arxiv.org/abs/1906.04928v2,112.5657,
2012.02364,Deep Learning for Medical Anomaly Detection -- A Survey,Tharindu Fernando; Harshala Gammulle; Simon Denman; Sridha Sridharan; Clinton Fookes,2020-12-04,anomaly_detection,442,"Machine learning-based medical anomaly detection is an important problem that has been extensively studied. Numerous approaches have been proposed across various medical application domains and we observe several similarities across these distinct applications. Despite this comparability, we observe a lack of structured organisation of these diverse research applications such that their advantages and limitations can be studied. The principal aim of this survey is to provide a thorough theoretical analysis of popular deep learning techniques in medical anomaly detection. In particular, we contribute a coherent and systematic review of state-of-the-art techniques, comparing and contrasting their architectural differences as well as training algorithms. Furthermore, we provide a comprehensive overview of deep model interpretation strategies that can be used to interpret model decisions. In addition, we outline the key limitations of existing deep medical anomaly detection techniques and propose key research directions for further investigation.",http://arxiv.org/abs/2012.02364v2,77.0231,
2503.13195,Deep Learning Advancements in Anomaly Detection: A Comprehensive Survey,Haoqi Huang; Ping Wang; Jianhua Pei; Jiacheng Wang; Shahen Alexanian; Dusit Niyato,2025-03-17,anomaly_detection,106,"The rapid expansion of data from diverse sources has made anomaly detection (AD) increasingly essential for identifying unexpected observations that may signal system failures, security breaches, or fraud. As datasets become more complex and high-dimensional, traditional detection methods struggle to effectively capture intricate patterns. Advances in deep learning have made AD methods more powerful and adaptable, improving their ability to handle high-dimensional and unstructured data. This survey provides a comprehensive review of over 180 recent studies, focusing on deep learning-based AD techniques. We categorize and analyze these methods into reconstruction-based and prediction-based approaches, highlighting their effectiveness in modeling complex data distributions. Additionally, we explore the integration of traditional and deep learning methods, highlighting how hybrid approaches combine the interpretability of traditional techniques with the flexibility of deep learning to enhance detection accuracy and model transparency. Finally, we identify open issues and propose future research directions to advance the field of AD. This review bridges gaps in existing literature and serves as a valuable resource for researchers and practitioners seeking to enhance AD techniques using deep learning.",http://arxiv.org/abs/2503.13195v1,72.7754,
2307.05638,"A Comprehensive Survey of Deep Transfer Learning for Anomaly Detection in Industrial Time Series: Methods, Applications, and Directions",Peng Yan; Ahmed Abdulkadir; Paul-Philipp Luley; Matthias Rosenthal; Gerrit A. Schatte; Benjamin F. Grewe; Thilo Stadelmann,2023-07-11,anomaly_detection,201,"Automating the monitoring of industrial processes has the potential to enhance efficiency and optimize quality by promptly detecting abnormal events and thus facilitating timely interventions. Deep learning, with its capacity to discern non-trivial patterns within large datasets, plays a pivotal role in this process. Standard deep learning methods are suitable to solve a specific task given a specific type of data. During training, deep learning demands large volumes of labeled data. However, due to the dynamic nature of the industrial processes and environment, it is impractical to acquire large-scale labeled data for standard deep learning training for every slightly different case anew. Deep transfer learning offers a solution to this problem. By leveraging knowledge from related tasks and accounting for variations in data distributions, the transfer learning framework solves new tasks with little or even no additional labeled data. The approach bypasses the need to retrain a model from scratch for every new setup and dramatically reduces the labeled data requirement. This survey first provides an in-depth review of deep transfer learning, examining the problem settings of transfer learning and classifying the prevailing deep transfer learning methods. Moreover, we delve into applications of deep transfer learning in the context of a broad spectrum of time series anomaly detection tasks prevalent in primary industrial domains, e.g., manufacturing process monitoring, predictive maintenance, energy management, and infrastructure facility monitoring. We discuss the challenges and limitations of deep transfer learning in industrial contexts and conclude the survey with practical directions and actionable suggestions to address the need to leverage diverse time series data for anomaly detection in an increasingly dynamic production environment.",http://arxiv.org/abs/2307.05638v2,64.0063,
2506.18046,TAB: Unified Benchmarking of Time Series Anomaly Detection Methods,Xiangfei Qiu; Zhe Li; Wanghui Qiu; Shiyan Hu; Lekui Zhou; Xingjian Wu; Zhengyu Li; Chenjuan Guo; Aoying Zhou; Zhenli Sheng; Jilin Hu; Christian S. Jensen; Bin Yang,2025-06-22,anomaly_detection,76,"Time series anomaly detection (TSAD) plays an important role in many domains such as finance, transportation, and healthcare. With the ongoing instrumentation of reality, more time series data will be available, leading also to growing demands for TSAD. While many TSAD methods already exist, new and better methods are still desirable. However, effective progress hinges on the availability of reliable means of evaluating new methods and comparing them with existing methods. We address deficiencies in current evaluation procedures related to datasets and experimental settings and protocols. Specifically, we propose a new time series anomaly detection benchmark, called TAB. First, TAB encompasses 29 public multivariate datasets and 1,635 univariate time series from different domains to facilitate more comprehensive evaluations on diverse datasets. Second, TAB covers a variety of TSAD methods, including Non-learning, Machine learning, Deep learning, LLM-based, and Time-series pre-trained methods. Third, TAB features a unified and automated evaluation pipeline that enables fair and easy evaluation of TSAD methods. Finally, we employ TAB to evaluate existing TSAD methods and report on the outcomes, thereby offering a deeper insight into the performance of these methods. Besides, all datasets and code are available at https://github.com/decisionintelligence/TAB.",http://arxiv.org/abs/2506.18046v2,63.8138,
2409.09957,Deep Graph Anomaly Detection: A Survey and New Perspectives,Hezhe Qiao; Hanghang Tong; Bo An; Irwin King; Charu Aggarwal; Guansong Pang,2024-09-16,anomaly_detection,116,"Graph anomaly detection (GAD), which aims to identify unusual graph instances (nodes, edges, subgraphs, or graphs), has attracted increasing attention in recent years due to its significance in a wide range of applications. Deep learning approaches, graph neural networks (GNNs) in particular, have been emerging as a promising paradigm for GAD, owing to its strong capability in capturing complex structure and/or node attributes in graph data. Considering the large number of methods proposed for GNN-based GAD, it is of paramount importance to summarize the methodologies and findings in the existing GAD studies, so that we can pinpoint effective model designs for tackling open GAD problems. To this end, in this work we aim to present a comprehensive review of deep learning approaches for GAD. Existing GAD surveys are focused on task-specific discussions, making it difficult to understand the technical insights of existing methods and their limitations in addressing some unique challenges in GAD. To fill this gap, we first discuss the problem complexities and their resulting challenges in GAD, and then provide a systematic review of current deep GAD methods from three novel perspectives of methodology, including GNN backbone design, proxy task design for GAD, and graph anomaly measures. To deepen the discussions, we further propose a taxonomy of 13 fine-grained method categories under these three perspectives to provide more in-depth insights into the model designs and their capabilities. To facilitate the experiments and validation, we also summarize a collection of widely-used GAD datasets and empirical comparison. We further discuss multiple open problems to inspire more future high-quality research. A continuously updated repository for datasets, links to the codes of algorithms, and empirical comparison is available at https://github.com/mala-lab/Awesome-Deep-Graph-Anomaly-Detection.",http://arxiv.org/abs/2409.09957v2,59.3403,
2207.03820,Deep Learning for Anomaly Detection in Log Data: A Survey,Max Landauer; Sebastian Onder; Florian Skopik; Markus Wurzenberger,2022-07-08,anomaly_detection,244,"Automatic log file analysis enables early detection of relevant incidents such as system failures. In particular, self-learning anomaly detection techniques capture patterns in log data and subsequently report unexpected log event occurrences to system operators without the need to provide or manually model anomalous scenarios in advance. Recently, an increasing number of approaches leveraging deep learning neural networks for this purpose have been presented. These approaches have demonstrated superior detection performance in comparison to conventional machine learning techniques and simultaneously resolve issues with unstable data formats. However, there exist many different architectures for deep learning and it is non-trivial to encode raw and unstructured log data to be analyzed by neural networks. We therefore carry out a systematic literature review that provides an overview of deployed models, data pre-processing mechanisms, anomaly detection techniques, and evaluations. The survey does not quantitatively compare existing approaches but instead aims to help readers understand relevant aspects of different model architectures and emphasizes open issues for future work.",http://arxiv.org/abs/2207.03820v2,58.8257,
2009.13807,Current Time Series Anomaly Detection Benchmarks are Flawed and are Creating the Illusion of Progress,Renjie Wu; Eamonn J. Keogh,2020-09-29,anomaly_detection,335,"Time series anomaly detection has been a perennially important topic in data science, with papers dating back to the 1950s. However, in recent years there has been an explosion of interest in this topic, much of it driven by the success of deep learning in other domains and for other time series tasks. Most of these papers test on one or more of a handful of popular benchmark datasets, created by Yahoo, Numenta, NASA, etc. In this work we make a surprising claim. The majority of the individual exemplars in these datasets suffer from one or more of four flaws. Because of these four flaws, we believe that many published comparisons of anomaly detection algorithms may be unreliable, and more importantly, much of the apparent progress in recent years may be illusionary. In addition to demonstrating these claims, with this paper we introduce the UCR Time Series Anomaly Archive. We believe that this resource will perform a similar role as the UCR Time Series Classification Archive, by providing the community with a benchmark that allows meaningful comparisons between approaches and a meaningful gauge of overall progress.",http://arxiv.org/abs/2009.13807v5,56.5952,
2007.01760,Explainable Deep One-Class Classification,Philipp Liznerski; Lukas Ruff; Robert A. Vandermeulen; Billy Joe Franks; Marius Kloft; Klaus-Robert Müller,2020-07-03,anomaly_detection,255,"Deep one-class classification variants for anomaly detection learn a mapping that concentrates nominal samples in feature space causing anomalies to be mapped away. Because this transformation is highly non-linear, finding interpretations poses a significant challenge. In this paper we present an explainable deep one-class classification method, Fully Convolutional Data Description (FCDD), where the mapped samples are themselves also an explanation heatmap. FCDD yields competitive detection performance and provides reasonable explanations on common anomaly detection benchmarks with CIFAR-10 and ImageNet. On MVTec-AD, a recent manufacturing dataset offering ground-truth anomaly maps, FCDD sets a new state of the art in the unsupervised setting. Our method can incorporate ground-truth anomaly maps during training and using even a few of these (~5) improves performance significantly. Finally, using FCDD's explanations we demonstrate the vulnerability of deep one-class classification models to spurious image features such as image watermarks.",http://arxiv.org/abs/2007.01760v3,41.3950,
2002.03665,AnomalyDAE: Dual autoencoder for anomaly detection on attributed networks,Haoyi Fan; Fengbin Zhang; Zuoyong Li,2020-02-10,anomaly_detection,265,"Anomaly detection on attributed networks aims at finding nodes whose patterns deviate significantly from the majority of reference nodes, which is pervasive in many applications such as network intrusion detection and social spammer detection. However, most existing methods neglect the complex cross-modality interactions between network structure and node attribute. In this paper, we propose a deep joint representation learning framework for anomaly detection through a dual autoencoder (AnomalyDAE), which captures the complex interactions between network structure and node attribute for high-quality embeddings. Specifically, AnomalyDAE consists of a structure autoencoder and an attribute autoencoder to learn both node embedding and attribute embedding jointly in latent space. Moreover, attention mechanism is employed in structure encoder to learn the importance between a node and its neighbors for an effective capturing of structure pattern, which is important to anomaly detection. Besides, by taking both the node embedding and attribute embedding as inputs of attribute decoder, the cross-modality interactions between network structure and node attribute are learned during the reconstruction of node attribute. Finally, anomalies can be detected by measuring the reconstruction errors of nodes from both the structure and attribute perspectives. Extensive experiments on real-world datasets demonstrate the effectiveness of the proposed method.",http://arxiv.org/abs/2002.03665v2,40.4308,
2108.02501,Locally Interpretable One-Class Anomaly Detection for Credit Card Fraud Detection,Tungyu Wu; Youting Wang,2021-08-05,fraud_detection,35,"For the highly imbalanced credit card fraud detection problem, most existing methods either use data augmentation methods or conventional machine learning models, while neural network-based anomaly detection approaches are lacking. Furthermore, few studies have employed AI interpretability tools to investigate the feature importance of transaction data, which is crucial for the black-box fraud detection module. Considering these two points together, we propose a novel anomaly detection framework for credit card fraud detection as well as a model-explaining module responsible for prediction explanations. The fraud detection model is composed of two deep neural networks, which are trained in an unsupervised and adversarial manner. Precisely, the generator is an AutoEncoder aiming to reconstruct genuine transaction data, while the discriminator is a fully-connected network for fraud detection. The explanation module has three white-box explainers in charge of interpretations of the AutoEncoder, discriminator, and the whole detection model, respectively. Experimental results show the state-of-the-art performances of our fraud detection model on the benchmark dataset compared with baselines. In addition, prediction analyses by three explainers are presented, offering a clear perspective on how each feature of an instance of interest contributes to the final model output.",http://arxiv.org/abs/2108.02501v3,6.9027,
2208.10943,Challenges and Complexities in Machine Learning based Credit Card Fraud Detection,Gayan K. Kulatilleke,2022-08-20,fraud_detection,26,"Credit cards play an exploding role in modern economies. Its popularity and ubiquity have created a fertile ground for fraud, assisted by the cross boarder reach and instantaneous confirmation. While transactions are growing, the fraud percentages are also on the rise as well as the true cost of a dollar fraud. Volume of transactions, uniqueness of frauds and ingenuity of the fraudster are main challenges in detecting frauds. The advent of machine learning, artificial intelligence and big data has opened up new tools in the fight against frauds. Given past transactions, a machine learning algorithm has the ability to 'learn' infinitely complex characteristics in order to identify frauds in real-time, surpassing the best human investigators. However, the developments in fraud detection algorithms has been challenging and slow due the massively unbalanced nature of fraud data, absence of benchmarks and standard evaluation metrics to identify better performing classifiers, lack of sharing and disclosure of research findings and the difficulties in getting access to confidential transaction data for research. This work investigates the properties of typical massively imbalanced fraud data sets, their availability, suitability for research use while exploring the widely varying nature of fraud distributions. Furthermore, we show how human annotation errors compound with machine classification errors. We also carry out experiments to determine the effect of PCA obfuscation (as a means of disseminating sensitive transaction data for research and machine learning) on algorithmic performance of classifiers and show that while PCA does not significantly degrade performance, care should be taken to use the appropriate principle component size (dimensions) to avoid overfitting.",http://arxiv.org/abs/2208.10943v1,6.4514,
2509.19032,Improving Credit Card Fraud Detection through Transformer-Enhanced GAN Oversampling,Kashaf Ul Emaan,2025-09-23,fraud_detection,6,"Detection of credit card fraud is an acute issue of financial security because transaction datasets are highly lopsided, with fraud cases being only a drop in the ocean. Balancing datasets using the most popular methods of traditional oversampling such as the Synthetic Minority Oversampling Technique (SMOTE) generally create simplistic synthetic samples that are not readily applicable to complex fraud patterns. Recent industry advances that include Conditional Tabular Generative Adversarial Networks (CTGAN) and Tabular Variational Autoencoders (TVAE) have demonstrated increased efficiency in tabular synthesis, yet all these models still exhibit issues with high-dimensional dependence modelling. Now we will present our hybrid approach where we use a Generative Adversarial Network (GAN) with a Transformer encoder block to produce realistic fraudulent transactions samples. The GAN architecture allows training realistic generators adversarial, and the Transformer allows the model to learn rich feature interactions by self-attention. Such a hybrid strategy overcomes the limitations of SMOTE, CTGAN, and TVAE by producing a variety of high-quality synthetic minority classes samples. We test our algorithm on the publicly-available Credit Card Fraud Detection dataset and compare it to conventional and generative resampling strategies with a variety of classifiers, such as Logistic Regression (LR), Random Forest (RF), Extreme Gradient Boosting (XGBoost), and Support Vector Machine (SVM). Findings indicate that our Transformer-based GAN shows substantial gains in Recall, F1-score and Area Under the Receiver Operating Characteristic Curve (AUC), which indicates that it is effective in overcoming the severe class imbalance inherent in the task of fraud detection.",http://arxiv.org/abs/2509.19032v2,6.0000,
2510.14991,The Role of Federated Learning in Improving Financial Security: A Survey,Cade Houston Kennedy; Amr Hilal; Morteza Momeni,2025-10-07,fraud_detection,6,"With the growth of digital financial systems, robust security and privacy have become a concern for financial institutions. Even though traditional machine learning models have shown to be effective in fraud detections, they often compromise user data by requiring centralized access to sensitive information. In IoT-enabled financial endpoints such as ATMs and POS Systems that regularly produce sensitive data that is sent over the network. Federated Learning (FL) offers a privacy-preserving, decentralized model training across institutions without sharing raw data. FL enables cross-silo collaboration among banks while also using cross-device learning on IoT endpoints. This survey explores the role of FL in enhancing financial security and introduces a novel classification of its applications based on regulatory and compliance exposure levels ranging from low-exposure tasks such as collaborative portfolio optimization to high-exposure tasks like real-time fraud detection. Unlike prior surveys, this work reviews FL's practical use within financial systems, discussing its regulatory compliance and recent successes in fraud prevention and blockchain-integrated frameworks. However, FL deployment in finance is not without challenges. Data heterogeneity, adversarial attacks, and regulatory compliance make implementation far from easy. This survey reviews current defense mechanisms and discusses future directions, including blockchain integration, differential privacy, secure multi-party computation, and quantum-secure frameworks. Ultimately, this work aims to be a resource for researchers exploring FL's potential to advance secure, privacy-compliant financial systems.",http://arxiv.org/abs/2510.14991v1,6.0000,
1106.1813,SMOTE: Synthetic Minority Over-sampling Technique,N. V. Chawla; K. W. Bowyer; L. O. Hall; W. P. Kegelmeyer,2002-06-01,class_imbalance,31986,"An approach to the construction of classifiers from imbalanced datasets is described. A dataset is imbalanced if the classification categories are not approximately equally represented. Often real-world data sets are predominately composed of ""normal"" examples with only a small percentage of ""abnormal"" or ""interesting"" examples. It is also the case that the cost of misclassifying an abnormal (interesting) example as a normal example is often much higher than the cost of the reverse error. Under-sampling of the majority (normal) class has been proposed as a good means of increasing the sensitivity of a classifier to the minority class. This paper shows that a combination of our method of over-sampling the minority (abnormal) class and under-sampling the majority (normal) class can achieve better classifier performance (in ROC space) than only under-sampling the majority class. This paper also shows that a combination of our method of over-sampling the minority class and under-sampling the majority class can achieve better classifier performance (in ROC space) than varying the loss ratios in Ripper or class priors in Naive Bayes. Our method of over-sampling the minority class involves creating synthetic minority class examples. Experiments are performed using C4.5, Ripper and a Naive Bayes classifier. The method is evaluated using the area under the Receiver Operating Characteristic curve (AUC) and the ROC convex hull strategy.",https://arxiv.org/abs/1106.1813,manual_add,"Original: Journal of Artificial Intelligence Research 16 (2002), 321-357. Sourced via author-uploaded arXiv copy."
,Anomaly Detection: A Survey,Varun Chandola; Arindam Banerjee; Vipin Kumar,2009-07-01,anomaly_detection,12819,"Anomaly detection is an important problem that has been researched within diverse research areas and application domains. Many anomaly detection techniques have been specifically developed for certain application domains, while others are more generic. This survey tries to provide a structured and comprehensive overview of the research on anomaly detection. We have grouped existing techniques into different categories based on the underlying approach adopted by each technique. For each category we have identified key assumptions, which are used by the techniques to differentiate between normal and anomalous behavior. When applying a given technique to a particular domain, these assumptions can be used as guidelines to assess the effectiveness of the technique in that domain.",https://conservancy.umn.edu/handle/11299/215731,manual_add,"Original: ACM Computing Surveys 41(3), Article 15 (2009), DOI 10.1145/1541880.1541882. Sourced via University of Minnesota Digital Conservancy (authors own institutional repository, pre-publication technical report version)."
